{"inputUnits":[34],"outputUnits":6,"inputs":{"0":{"dtype":"number","min":259.80729277495743,"max":348.17907904836454},"1":{"dtype":"number","min":36.707641660935224,"max":207.85903099445983},"2":{"dtype":"number","min":267.673200911585,"max":385.5744892521127},"3":{"dtype":"number","min":10.565355352854453,"max":197.82975430618467},"4":{"dtype":"number","min":254.73899870994956,"max":312.9109999363524},"5":{"dtype":"number","min":10.177202632918892,"max":199.2354204496985},"6":{"dtype":"number","min":279.39852996558994,"max":434.33922467064764},"7":{"dtype":"number","min":34.19759787474162,"max":202.77635359114709},"8":{"dtype":"number","min":208.6173488750532,"max":289.45649024577455},"9":{"dtype":"number","min":32.883497304953494,"max":208.39932274725652},"10":{"dtype":"number","min":291.09080986290127,"max":483.70635511346364},"11":{"dtype":"number","min":144.90348608113447,"max":279.7929008276082},"12":{"dtype":"number","min":166.3009441687439,"max":273.84769127990484},"13":{"dtype":"number","min":147.41250360986137,"max":291.20081326377067},"14":{"dtype":"number","min":290.8180741484527,"max":469.59509942318215},"15":{"dtype":"number","min":100.48955538857308,"max":528.563595782922},"16":{"dtype":"number","min":113.37976596698687,"max":264.69621116549126},"17":{"dtype":"number","min":128.7424661955481,"max":494.9914218294018},"18":{"dtype":"number","min":283.38917862116597,"max":495.2787406713582},"19":{"dtype":"number","min":45.21501949325146,"max":545.9833559266324},"20":{"dtype":"number","min":93.53721885829584,"max":279.7042785822649},"21":{"dtype":"number","min":60.812550110575756,"max":513.9742908403567},"22":{"dtype":"number","min":285.3953196009773,"max":430.9420800116276},"23":{"dtype":"number","min":268.3246585831104,"max":561.0154516316574},"24":{"dtype":"number","min":243.06704985028574,"max":335.6049082715224},"25":{"dtype":"number","min":276.3351099036547,"max":556.5242103843838},"26":{"dtype":"number","min":266.0079635441999,"max":446.44731632930296},"27":{"dtype":"number","min":257.85274045476655,"max":593.2451133876459},"28":{"dtype":"number","min":174.65667843354817,"max":362.70512473258526},"29":{"dtype":"number","min":301.64318158932696,"max":585.2503106380715},"30":{"dtype":"number","min":271.64872581392876,"max":486.4976448029396},"31":{"dtype":"number","min":367.21714836150295,"max":579.0235752447106},"32":{"dtype":"number","min":145.6107517346334,"max":408.05881722891843},"33":{"dtype":"number","min":380.1230938981943,"max":577.655924637494}},"outputs":{"0":{"dtype":"string","min":0,"max":1,"uniqueValues":["a","b","c","d","e","n"],"legend":{"a":[1,0,0,0,0,0],"b":[0,1,0,0,0,0],"c":[0,0,1,0,0,0],"d":[0,0,0,1,0,0],"e":[0,0,0,0,1,0],"n":[0,0,0,0,0,1]}}},"isNormalized":true}